-61;23;-7;-62;23;-6;-64;23;-8;0;64;-119;-81;9;-21;-61;23;11;-51;37;-13;-60;32;-9;-60;31;-10;-58;32;-10;1
-57;31;-11;-59;33;-11;-56;32;-10;-58;31;-10;-11;59;-108;-94;-11;-10;-49;34;-5;-54;39;-15;-59;33;-12;-59;31;-9;1
-59;32;-9;-58;33;-8;-57;33;-9;-55;34;-12;127;111;-79;-63;33;14;-50;38;-12;-53;42;-13;-57;33;-7;-59;31;-6;1
-57;33;-5;-57;33;-8;-55;34;-6;-11;55;-117;-34;26;29;-82;10;0;-59;32;-10;-48;42;-12;-55;35;-8;-58;33;-4;1
-57;33;-4;-58;33;-5;-56;34;-4;-59;34;-6;-53;38;-11;-120;-56;115;-60;33;8;-47;47;-17;-57;36;-7;-57;35;-4;1
-56;35;-7;-57;35;-4;-56;37;-8;0;68;-115;-127;-7;-20;-69;20;8;-55;40;-8;-49;41;-14;-56;36;-3;-56;36;-6;1
-55;36;-6;-56;37;-6;-54;39;-6;-39;60;-60;-58;-13;-34;-57;25;30;-57;35;-3;-50;40;-17;-55;38;-4;-57;36;-5;1
-54;37;-6;-55;38;-4;-53;39;-6;-8;61;-114;-75;0;-9;-62;31;-5;-49;43;-3;-54;39;-5;-57;36;-4;-56;38;-2;1
-56;38;-2;-56;38;-2;-55;38;-3;-55;39;-3;-47;44;-11;-24;69;-90;-76;27;8;-48;44;-7;-47;46;-12;-55;37;0;1
-56;37;-4;-58;35;-2;-58;36;-5;-57;35;-4;-29;55;-85;-34;18;0;-67;23;9;-55;37;-4;-47;43;-11;-53;41;-2;1
-54;39;0;-55;39;-2;-26;59;-68;-42;21;19;-71;22;0;-63;32;8;-53;38;-12;-56;36;-3;-57;37;-2;-55;36;-1;1
-53;40;-1;-54;39;-2;-54;39;-2;-53;39;-2;-25;56;-67;125;113;-29;-63;28;11;-61;33;-3;-51;44;-3;-53;40;0;1
-55;38;0;-55;37;0;-56;37;0;-14;65;-92;-128;-9;127;-63;34;15;-53;43;-1;-50;47;-6;-53;42;0;-56;38;0;1
-54;40;-2;-53;40;0;-52;39;-8;-36;61;-57;121;66;-114;-72;15;9;-56;36;0;-50;43;-7;-56;40;-2;-57;37;0;1
-55;37;-2;-54;40;0;-55;37;-3;-46;52;-23;-128;41;-12;-63;24;16;-66;32;15;-48;46;-11;-57;39;0;-54;38;-1;1
-54;40;-1;-40;52;-27;-19;32;42;-60;33;10;-54;42;0;-53;42;-3;-55;38;-3;-55;39;0;-55;38;0;-56;38;0;1
-55;36;0;-55;38;0;-55;40;0;-54;39;0;-41;-1;-55;-63;30;30;-57;32;23;-59;34;-5;-52;40;-5;-54;38;0;1
-55;38;0;-56;39;0;-54;39;0;-34;62;-61;-128;127;89;-47;17;32;-64;28;12;-54;39;0;-52;44;-2;-55;36;0;1
-57;37;0;-57;35;0;-43;61;-109;-73;21;25;-58;35;-3;-46;45;-11;-57;39;-1;-57;38;0;-59;37;0;-56;36;0;1
-57;38;0;-55;37;0;-54;37;0;-42;54;-44;-55;97;-106;-49;25;33;-58;22;34;-51;45;-9;-53;39;-3;-59;36;0;1
-55;39;0;-56;38;0;-55;38;0;18;38;-62;-54;25;21;-64;32;0;-45;42;-16;-44;44;-13;-53;41;-1;-55;38;-1;1
-56;38;0;-55;40;0;-53;39;0;-55;40;0;-12;73;-106;-61;17;13;-60;31;15;-58;33;-3;-52;44;-6;-53;38;0;1
-56;37;0;-55;38;0;-55;38;0;-54;39;-2;-22;40;-77;-62;13;16;-58;35;22;-59;36;0;-50;42;-4;-56;37;0;1
-56;38;0;-54;38;0;-55;37;0;-35;62;-65;78;78;-73;-56;24;18;-64;38;-1;-53;42;-5;-54;41;0;-57;38;0;1
-56;37;0;-55;38;0;-55;38;0;-53;40;0;-82;-85;65;-56;30;36;-55;41;-9;-53;40;-3;-59;35;0;-55;37;0;1
-56;37;0;-55;38;0;-55;39;-2;-24;30;-63;-52;37;23;-59;27;24;-50;44;-1;-56;38;0;-56;36;0;-55;37;0;1
-55;39;0;-55;38;0;-57;36;0;-20;76;-92;-100;-34;-2;-47;26;17;-60;33;7;-54;42;0;-56;38;-1;-55;37;0;1
-49;51;-23;-123;102;68;-32;38;39;-70;30;24;-63;35;18;-53;38;9;-54;36;8;-57;40;0;-55;39;7;-54;40;0;1
-55;41;0;-54;40;0;-54;41;0;-26;59;-81;-89;21;-3;-67;34;18;-59;38;0;-50;41;-4;-54;41;-3;-55;39;0;1
-55;39;-2;-55;39;0;-46;49;-12;-128;-17;-14;-54;26;29;-61;36;8;-53;39;-13;-50;45;-3;-55;38;-2;-55;38;0;1
-56;39;0;-56;38;0;-55;37;0;-37;70;-62;-43;19;-5;-59;29;25;-50;39;-7;-52;43;-3;-54;40;0;-53;37;0;1
-55;36;0;-56;37;0;-56;37;0;-34;66;-90;60;124;-109;-35;25;29;-61;28;0;-52;46;-13;-57;37;-1;-60;34;0;1
-57;36;0;-56;36;0;-56;38;0;-31;65;-102;-128;0;-58;-58;39;0;-53;38;0;-53;43;0;-61;35;0;-57;34;0;1
-59;33;0;-58;35;0;-32;57;-60;-48;11;0;-42;19;23;-67;24;20;-57;34;-3;-57;35;-4;-64;29;-6;-60;28;0;1
-60;28;0;-60;30;-2;-60;29;-4;-22;61;-100;89;56;28;-52;21;14;-54;37;-9;-57;32;0;-58;32;0;-59;34;0;1
-60;32;-4;-60;32;-5;-59;33;-6;-24;80;-82;-128;34;-24;-62;31;21;-58;31;-3;-52;40;-8;-56;36;-7;-59;33;-3;1
-59;33;0;-59;32;0;-59;34;0;-30;75;-94;-53;8;-1;-57;31;7;-55;36;0;-57;35;-6;-60;34;-1;-53;38;-1;1
-56;36;0;-57;35;0;-56;35;0;-55;38;-3;-25;77;-70;-43;20;-7;-67;31;0;-55;40;-5;-54;35;0;-58;34;0;1
-59;34;0;-59;36;-3;-58;34;-1;-62;32;0;-5;69;-97;-65;20;0;-53;37;0;-56;35;0;-56;33;0;-59;32;0;1
-58;33;0;-56;33;0;-55;43;-18;-49;33;12;-8;58;-128;-64;23;0;-64;31;0;-51;35;0;-60;34;-1;-54;29;9;1
-58;34;0;-58;35;0;-57;33;0;-19;44;-102;-44;29;16;-69;21;12;-57;35;0;-59;37;-5;-55;35;-1;-58;34;0;1
-58;35;0;-57;34;-1;-56;34;0;-55;39;0;-75;-109;117;-31;30;35;-69;29;16;-52;39;8;-57;36;0;-56;35;0;1
-56;37;0;-55;37;0;-55;38;-1;-30;62;-97;-109;0;15;-66;28;18;-51;38;-7;-58;37;-1;-58;31;0;-57;35;0;1
-55;37;0;-56;38;0;-53;38;0;-45;31;33;-68;25;22;-63;33;8;-50;42;-11;-50;40;-10;-56;37;-1;-56;36;0;1
-56;36;0;-56;37;0;-56;36;0;-56;36;0;-13;74;-124;-27;35;31;-62;36;0;-58;34;0;-58;35;0;-56;35;0;1
-58;36;0;-56;36;0;-58;35;0;-57;36;0;-25;87;-74;-33;17;19;-64;29;13;-54;36;0;-58;34;0;-57;34;0;1
-56;35;-1;-57;37;0;-55;37;0;-1;59;-126;-65;21;0;-71;24;10;-54;39;0;-59;33;0;-59;33;0;-58;35;0;1
-58;35;0;-56;37;0;-49;42;-6;-128;71;92;-48;21;13;-63;31;16;-56;38;-2;-56;38;-2;-57;36;-1;-55;36;0;1
-58;37;0;-55;37;0;-56;35;0;-57;35;0;-20;97;-89;-38;35;25;-53;39;-4;-54;36;0;-57;36;0;-56;35;0;1
-58;37;0;-57;36;0;-56;35;0;-72;73;-116;-68;31;8;-65;31;22;-56;39;0;-55;37;0;-55;37;0;-55;38;0;1
-54;37;0;-57;37;0;-54;39;0;-60;38;15;-18;70;-90;-40;95;-104;-54;25;9;-57;32;13;-55;39;0;-56;36;0;1
-56;40;0;-56;36;0;-56;35;0;-49;46;-9;10;61;-115;-66;28;9;-54;37;0;-56;38;0;-56;36;0;-57;37;0;1
-56;38;0;-56;38;0;-72;29;18;-66;24;30;12;65;-128;-29;34;33;-57;39;7;-54;42;0;-54;39;0;-56;36;0;1
-55;40;0;-55;38;0;-56;36;0;-54;39;0;-29;67;-120;-47;17;20;-70;30;22;-55;36;10;-52;38;0;-59;36;0;1
-56;37;9;-56;39;8;-56;37;8;-54;38;9;-28;53;-114;-32;40;28;-72;35;0;-53;36;7;-56;39;0;-56;38;8;1
-56;37;0;-57;37;0;-55;37;0;-24;67;-100;-98;0;-7;-72;26;0;-52;42;0;-52;43;0;-55;37;10;-57;35;9;1
-56;38;10;-55;37;8;-54;38;7;-56;37;10;-53;36;14;-29;68;-114;-32;37;35;-60;37;21;-57;36;11;-54;37;0;1
-54;39;8;-54;40;7;-55;39;0;-52;42;7;-34;58;-32;-28;37;-71;-66;30;26;-44;43;-7;-48;41;0;-56;35;0;1
-55;37;7;-54;41;7;-53;40;8;-49;47;0;-118;-33;127;-27;43;40;-61;33;12;-53;41;7;-53;39;0;-54;40;0;1
-53;41;7;-52;40;0;-55;38;7;-53;40;0;-119;19;-3;-68;35;17;-55;40;0;-55;39;10;-56;37;0;-54;39;0;1
-54;40;0;-53;40;0;-4;51;-96;-69;0;-22;-51;29;20;-68;34;11;-52;49;0;-54;38;0;-51;41;0;-52;40;0;1
-53;42;0;-52;41;0;-55;41;0;-14;59;-107;-30;41;37;-70;26;0;-62;37;10;-54;40;0;-55;38;0;-56;37;0;1
-55;38;0;-54;39;0;-128;41;113;-65;16;0;-61;34;7;-55;38;0;-57;39;0;-55;37;0;-56;36;0;-56;40;0;1
-56;37;0;-54;38;0;-55;40;0;-20;55;-78;-78;12;-7;-63;34;9;-54;44;-4;-52;38;0;-56;38;7;-54;40;0;1
-56;38;0;-54;39;0;-57;37;0;-49;45;-6;-31;127;16;-53;27;10;-63;35;11;-55;42;-3;-56;35;0;-56;36;0;1
-56;39;0;-57;37;0;-56;38;8;-116;38;120;-28;29;26;-65;24;8;-54;37;12;-52;40;0;-57;36;0;-57;35;0;1
-57;36;0;-54;38;0;-54;38;0;-27;88;-95;-18;17;-3;-57;28;14;-63;36;7;-51;43;0;-55;39;0;-55;39;0;1
-53;40;0;-54;40;0;-54;40;0;-53;39;0;-72;19;-3;-67;33;24;-62;37;0;-49;44;-2;-54;39;0;-55;38;0;1
-55;39;0;-53;40;0;-55;41;0;-51;45;0;-24;67;-81;-77;24;-7;-51;42;0;-53;39;0;-54;39;0;-53;40;0;1
-55;37;0;-54;39;0;-55;39;0;-11;54;-97;-47;33;17;-63;33;22;-55;42;-4;-55;42;0;-58;35;10;-53;41;0;1
-53;40;0;-54;40;0;-54;39;0;-50;43;0;-13;47;35;-32;44;50;-56;40;0;-51;44;0;-53;40;0;-53;42;0;1
-52;42;0;-51;43;0;-52;43;8;-36;32;26;-54;43;0;-53;41;0;-53;39;0;-58;40;0;-53;41;0;-53;41;7;1
-54;41;0;-48;48;-7;-61;42;17;10;62;-117;-64;30;15;-60;37;18;-48;46;0;-58;37;8;-57;38;0;-55;39;9;1
-54;41;7;-55;41;8;-52;42;0;-48;44;0;-3;41;-88;-53;26;24;-59;33;-4;-51;45;-5;-53;38;0;-56;38;0;1
-56;40;0;-54;40;0;-54;41;0;-51;41;0;-16;62;-106;-86;18;0;-58;38;-11;-53;41;-2;-55;38;0;-55;38;0;1
-55;39;0;-54;40;0;-54;40;0;-54;41;0;-21;62;-68;96;-2;27;-48;30;15;-66;32;22;-57;43;0;-54;42;0;1
-53;41;0;-52;41;0;-51;41;0;-16;54;-96;-56;0;-10;-47;32;27;-62;38;-2;-49;43;0;-56;37;0;-53;40;0;1
-45;50;-12;-62;31;20;-11;62;-128;-69;17;-5;-42;34;21;-56;38;8;-59;35;12;-53;40;0;-54;40;-1;-55;40;0;1
-53;40;0;-52;39;0;-52;42;0;-26;71;-74;-110;-11;0;-42;37;21;-59;37;0;-49;44;8;-54;39;0;-53;42;0;1
-53;42;0;-54;40;0;-54;40;0;-53;39;0;-54;39;8;-36;66;-44;89;127;50;-23;33;35;-50;34;28;-53;40;8;1
-53;41;7;-49;44;0;-36;70;-113;-46;-33;16;-43;30;23;-60;38;0;-54;44;0;-55;39;0;-56;39;0;-53;39;0;1
-54;40;9;-53;40;8;-51;43;0;-50;43;13;-13;68;-75;-36;44;36;-56;36;14;-49;44;0;-53;44;0;-50;44;0;1
-50;45;0;-49;46;0;-48;45;0;-47;45;7;-27;62;-81;-124;11;-20;-34;40;33;-59;36;13;-48;46;0;-53;43;0;1
-49;46;0;-51;44;7;-50;45;0;-50;46;0;-45;46;0;-19;35;-44;-66;39;12;-60;37;17;-55;34;18;-49;43;-1;1
-50;43;0;-53;43;0;-51;44;0;-29;67;-51;12;87;-2;-47;32;18;-49;38;0;-47;50;0;-50;43;9;-51;43;8;1
-48;46;0;-54;43;10;-16;-31;17;-57;35;16;-56;42;0;-51;45;0;-49;43;0;-49;46;0;-50;43;7;-49;45;0;1
-49;45;0;-52;45;0;-42;53;-18;-128;95;102;-33;32;35;-61;37;17;-54;42;10;-46;48;-4;-47;45;0;-50;44;0;1
-48;44;7;-50;45;0;-50;44;0;-51;43;8;-23;73;-97;-34;38;44;-65;34;25;-52;43;0;-51;43;0;-51;41;7;1
-53;42;8;-52;42;8;-52;42;9;-53;42;9;-57;44;12;-56;39;14;-66;11;0;-47;40;23;-50;45;0;-52;41;7;1
-53;41;7;-54;41;8;-48;44;11;-51;44;0;-46;40;11;-53;39;0;-53;37;0;-54;40;8;-54;38;7;-53;42;0;1
-51;42;7;-52;42;9;-51;42;0;-25;58;-85;-91;34;-9;-53;36;19;-58;37;7;-50;41;9;-54;42;0;-55;39;10;1
-53;42;7;-54;41;7;-54;41;8;-30;55;-89;-103;-2;0;-61;36;15;-51;44;0;-54;40;0;-53;41;8;-52;40;9;1
-52;39;9;-54;39;9;-53;40;8;-54;40;9;-21;48;-86;-51;35;18;-53;41;14;-52;40;0;-49;43;0;-51;41;10;1
-53;41;8;-53;40;8;-52;41;9;-45;48;0;-102;101;-117;-31;32;27;-59;35;15;-53;43;8;-46;45;7;-52;42;0;1
-50;43;7;-51;44;8;-52;43;9;-42;64;-14;-128;-20;121;-19;36;45;-66;39;27;-56;43;0;-48;46;0;-49;45;0;1
-50;46;0;-48;47;0;-48;47;0;-23;73;-71;121;86;47;-57;39;24;-58;34;10;-47;49;-2;-45;49;-2;-44;49;0;1
-49;44;7;-49;44;0;-44;56;-23;-24;48;-73;-88;24;8;-61;36;31;-47;45;-4;-50;44;-2;-48;47;0;-50;44;0;1
-51;43;0;-50;44;0;-47;46;0;-24;62;-72;-16;21;-52;-43;33;25;-59;39;14;-49;47;-3;-46;45;-6;-50;45;0;1
-48;47;0;-47;47;0;-44;48;0;-48;47;0;-42;-1;-85;-54;33;24;-50;35;20;-44;53;0;-47;47;0;-46;48;0;1
-51;43;0;-49;44;0;-54;42;8;-47;48;0;-15;45;-84;-63;35;25;-50;45;0;-48;45;0;-46;45;0;-50;45;9;1
-51;44;0;-50;45;7;-47;48;-2;-45;17;8;-59;36;8;-47;47;0;-45;47;0;-49;44;0;-49;44;7;-50;45;0;1
-50;44;9;-51;44;7;-50;44;7;-12;50;-62;-96;0;0;-52;29;22;-56;37;10;-46;49;-3;-47;49;0;-51;43;10;1
-50;44;8;-50;46;7;-50;44;7;-45;49;-1;77;127;-56;-56;35;10;-51;45;0;-45;51;0;-49;48;0;-50;43;11;1
-51;44;8;-50;44;8;-49;43;8;-49;44;10;-25;58;-16;-122;57;112;-51;36;33;-64;27;24;-47;41;0;-46;48;0;1
-50;45;7;-50;45;7;-53;42;9;-43;48;-5;-120;17;8;-65;30;15;-50;49;-4;-48;42;0;-52;43;0;-51;43;0;1
-52;43;0;-52;43;0;-51;43;0;-43;57;-29;-22;54;-67;-67;28;12;-46;48;-1;-52;44;7;-52;41;0;-51;43;7;1
-52;42;0;-54;41;7;-36;68;-68;-1;-39;-41;-39;34;48;-58;40;-2;-51;43;0;-54;43;7;-51;45;0;-53;41;9;1
-54;41;0;-52;43;0;-51;43;0;-34;50;-80;-34;13;10;-58;33;22;-55;36;0;-51;46;-2;-47;46;0;-52;41;0;1
-53;43;0;-52;40;0;-53;41;7;-53;42;7;-51;42;0;-25;74;-102;-57;16;11;-50;32;21;-52;45;0;-51;41;0;1
-53;42;0;-52;42;0;-18;64;-75;-128;0;-18;-47;20;22;-66;28;22;-56;38;0;-48;42;-2;-51;45;0;-52;44;0;1
-42;54;-20;-22;12;-42;-43;33;19;-55;41;9;-54;43;7;-51;45;8;-52;43;9;-51;44;0;-52;42;8;-51;43;0;1
-54;40;9;-50;42;8;-56;39;0;-16;59;-92;-102;-20;-7;-53;26;22;-54;43;-5;-46;46;0;-54;42;7;-52;39;7;1
-51;43;0;-51;45;0;-51;44;0;-50;44;0;-51;44;0;-46;49;0;-17;20;27;-58;31;26;-46;45;0;-49;46;0;1
-51;44;13;-50;44;11;-50;45;11;-49;45;9;-45;47;8;-124;-40;-65;-63;34;23;-53;47;0;-49;47;8;-48;45;9;1
-49;46;9;-51;43;10;-50;44;9;-51;44;10;-20;74;-57;-128;-22;11;-52;31;14;-49;46;0;-51;43;9;-52;42;11;1
-51;45;9;-49;45;10;-47;44;8;-39;59;-71;-98;-5;0;-41;36;38;-50;43;7;-47;47;15;-52;45;15;-48;44;12;1
-45;48;9;-44;50;11;-44;49;0;-82;0;11;-63;36;25;-53;46;10;-48;50;0;-47;47;0;-47;48;9;-49;46;7;1
-49;47;8;-49;46;9;-50;45;8;-47;46;7;-39;54;-24;-77;0;11;-53;32;15;-57;38;14;-49;44;9;-46;46;0;1
-48;47;0;-48;47;0;-46;46;0;-50;46;8;-39;56;-18;-25;15;-46;-54;41;30;-61;35;14;-47;42;0;-52;44;8;1
-52;44;0;-52;43;0;-53;44;0;-36;60;-30;-127;71;-51;-49;33;26;-66;36;15;-55;38;-8;-56;39;0;-55;33;13;1
-55;37;8;-53;41;10;-38;68;-51;-13;42;-76;-61;23;19;-61;26;24;-53;38;13;-45;48;0;-54;43;0;-52;44;0;1
-49;44;0;-24;62;-42;-123;-25;-21;-41;31;30;-67;27;19;-55;41;8;-50;41;0;-51;43;10;-52;42;12;-52;43;9;1
-52;43;9;-51;42;9;-48;43;10;-31;54;-82;-66;11;25;-54;33;17;-57;38;8;-53;39;0;-49;44;0;-51;43;7;1
-54;41;7;-53;42;7;-53;41;7;-32;64;-63;8;122;21;-33;34;31;-71;31;19;-55;39;10;-49;45;0;-50;44;0;1
-51;44;0;-51;45;0;-51;44;0;-50;44;0;-23;62;-84;-42;30;23;-65;30;24;-51;43;0;-47;46;0;-48;45;0;1
-49;45;0;-50;45;0;-51;44;0;-51;45;0;-45;46;-2;-27;47;-119;-54;28;0;-59;30;23;-55;35;9;-52;44;0;1
-53;39;0;-55;36;8;-55;39;0;-55;36;9;-33;74;-63;85;72;0;-34;34;25;-73;35;15;-53;40;0;-50;42;0;1
-53;41;0;-52;40;0;-56;41;0;-50;42;0;-126;16;0;-60;28;18;-67;34;15;-54;38;7;-57;38;0;-52;39;0;1
-54;39;0;-55;39;0;-55;39;0;-54;38;8;-57;38;0;0;46;-60;-34;0;0;-57;21;14;-55;35;0;-57;38;0;1
-52;39;-1;-53;38;0;-54;40;0;-55;40;0;-37;53;-20;-28;43;-96;-64;33;0;-51;42;7;-54;41;0;-51;41;0;1
-51;43;7;-53;40;0;-53;42;0;-52;41;0;-53;41;0;-44;56;-12;-21;40;-97;-39;-17;9;-54;36;13;-44;45;-3;1
-54;40;0;-53;44;-3;-54;40;0;-22;71;-55;-128;-14;-15;-47;33;12;-55;37;9;-51;41;8;-57;40;10;-47;43;0;1
-52;42;0;-44;44;-6;38;34;21;-74;24;11;-61;30;10;-53;40;0;-49;41;0;-54;39;0;-56;41;7;-53;39;0;1
-54;41;0;-53;40;0;-55;39;0;-55;41;0;-52;42;-1;-35;60;-43;-45;34;27;-59;33;0;-54;38;0;-48;45;0;1
-52;39;0;-56;38;7;-56;42;0;-52;38;0;-54;42;0;-2;55;-99;-39;33;20;-70;37;12;-53;39;0;-49;40;0;1
-53;42;0;-50;45;0;-51;42;0;-53;44;0;-52;43;0;-54;42;0;-20;51;-88;-58;31;11;-55;42;-3;-51;41;0;1
-54;39;0;-55;39;0;-54;39;0;-54;42;0;-4;72;-91;-48;32;23;-69;30;15;-49;44;0;-53;41;0;-53;40;0;1
-52;41;0;-46;42;0;-54;43;0;-42;54;-100;-49;34;-25;-52;32;36;-53;39;0;-52;44;0;-50;43;0;-53;41;0;1
-52;43;0;-50;42;8;-52;43;0;-35;62;-79;0;-24;31;-58;39;0;-54;46;0;-51;45;0;-52;44;0;-51;42;0;1
-51;44;0;-50;43;0;-49;44;0;-27;59;-43;-86;-41;-7;-54;27;22;-52;43;0;-49;44;0;-51;42;0;-52;42;7;1
-24;17;-54;-44;7;-24;-73;0;-5;-64;-2;-4;-82;8;-49;53;-19;29;43;-3;50;-40;-5;-59;-28;0;-59;-46;0;-49;0
-58;-4;40;55;-33;60;37;-18;42;34;-21;51;37;-9;62;-43;-9;51;-57;-7;34;-61;-6;25;-67;-4;16;-63;-6;19;0
-54;-9;37;-96;-10;-85;26;-20;66;42;-9;45;31;-10;61;9;-15;54;-44;-12;49;-41;-6;57;-38;-8;56;-29;-4;58;0
-35;-8;60;-39;-11;86;-36;7;80;-5;0;0;34;-11;-35;43;-19;-44;74;-21;-64;47;-7;-36;44;0;-43;21;13;-27;0
-45;-29;63;-20;16;92;-26;0;76;-30;-14;60;-2;-19;-10;69;-7;-115;67;-17;-106;-16;-80;-30;-62;-76;58;-15;-40;127;0
-12;9;0;46;28;-40;51;29;-49;19;-1;-43;-42;-40;58;-86;-70;112;-9;-31;61;-8;0;-5;69;23;-62;36;11;-50;0
58;-7;-41;-37;0;37;-81;-26;65;-61;-9;68;-55;-9;40;-53;-7;35;-50;-10;49;-48;-9;49;-45;-10;55;-54;-9;47;0
15;-3;63;36;-1;65;30;-1;58;32;-13;58;44;-17;55;38;-25;44;16;-20;49;-51;-30;54;-51;-19;53;-47;-19;47;0
-41;-18;54;-38;-16;51;-40;-17;51;-43;-19;54;-39;-16;51;-38;-16;52;-38;-17;53;-38;-16;54;-39;-17;55;-37;-17;54;0
-63;16;-1;-65;22;22;-61;20;16;-65;25;-3;-60;30;-7;-54;36;-9;-52;32;-16;-59;26;-5;-63;17;27;-59;19;27;0
-61;25;15;-60;32;0;-58;33;0;-55;34;-14;-53;33;-26;-58;25;-21;-61;11;0;-71;8;39;-61;18;15;-63;24;15;0
-31;7;59;-32;14;64;-23;0;67;-22;-7;82;-17;-13;34;-79;-4;-10;-72;0;-45;-71;-4;-13;-64;0;-14;-64;8;-26;0
-60;0;21;-90;-15;26;-63;-12;60;-40;-33;10;13;-56;-31;53;-19;-35;53;-22;-39;40;0;-30;35;17;-36;12;17;-12;0
-53;-17;74;-44;-44;47;-43;-64;59;-46;-40;65;-43;-32;48;11;-37;-33;52;-39;-57;62;-13;-35;51;-13;-38;52;-9;-38;0
-39;-1;54;-20;43;38;-26;44;41;-11;54;31;22;7;-22;-32;-50;78;-26;-39;48;-19;-44;51;-15;-44;53;-36;-37;46;0
-61;-16;34;-62;21;0;-55;-3;-55;-35;-27;75;-17;-10;82;-22;-30;55;-27;-27;63;-28;-21;56;-24;-25;61;-31;-33;58;0
-37;17;51;-48;17;46;-61;36;-4;62;-26;28;52;-12;57;59;-7;32;52;0;35;48;0;60;8;-10;31;-65;8;10;0
-70;0;-13;-65;-5;34;-60;-3;36;-58;-6;38;-13;-8;57;22;-3;-3;-47;38;-39;-27;17;-60;-27;15;-65;-37;-7;56;0
-50;-5;47;-47;-6;49;-73;-5;45;64;0;76;13;64;-128;-28;24;-69;-50;0;-56;-60;-1;35;-59;-4;32;-62;-3;29;0
-53;-6;44;-56;-1;39;-64;-2;37;-65;0;40;19;-2;18;40;-73;70;66;-31;49;31;-42;34;25;-44;41;0;-64;60;0
-49;39;32;-47;37;30;-46;37;35;-83;0;118;-10;35;-26;8;63;-9;-18;47;24;-36;29;41;-44;11;62;-49;-6;55;0
-51;0;37;-63;-32;34;-63;-36;27;-128;-97;-4;126;13;17;18;0;53;9;33;51;19;29;48;-23;12;58;-45;0;53;0
-49;26;28;-68;-5;46;-54;0;37;-55;11;32;-60;7;34;-59;0;34;-60;0;34;-59;7;34;-58;8;32;-59;8;33;0
-75;15;-13;-66;25;-21;-61;30;-14;-26;46;0;-18;56;10;-24;62;12;-25;61;12;-27;60;12;-26;60;11;-28;60;13;0
-26;60;12;-27;60;12;-27;61;13;-27;60;12;-28;60;13;-25;61;13;-28;60;12;-25;60;13;-27;60;13;-31;59;15;0
-39;-46;31;-38;-45;31;-37;-47;32;-38;-45;30;-35;-48;31;-36;-49;32;-39;-48;27;-39;-48;32;-3;-61;20;-17;-82;16;0
-12;-64;10;-11;-62;11;-12;-63;10;-11;-64;12;-11;-63;11;-12;-63;10;-10;-62;11;-13;-62;9;-13;-64;12;-19;-64;12;0
-22;-51;25;-38;-36;44;-18;-4;42;-18;0;52;-46;-1;60;-34;0;57;-32;0;60;-34;0;58;-36;0;58;-36;0;59;0
-37;0;58;-37;0;57;-42;0;54;-41;0;56;-41;-12;60;-50;-7;50;-65;11;21;-62;31;-7;-61;30;-9;-62;29;-5;0
-21;62;13;-21;63;14;-28;91;7;-31;81;14;-26;58;23;36;45;0;40;47;0;27;49;0;31;52;0;32;56;0;0
29;56;0;28;56;0;30;56;0;30;56;0;31;55;0;29;55;0;29;56;0;30;55;0;30;54;0;40;54;0;0
-48;48;27;-47;45;23;-42;49;21;-43;47;23;-40;48;21;-46;48;20;-46;48;20;-43;47;21;-45;47;20;-43;47;21;0
-44;47;19;-37;43;15;-34;28;24;-66;24;17;-71;21;27;-67;21;27;-67;13;24;-65;13;23;-63;13;19;-63;12;19;0
-67;8;12;-65;9;19;-63;12;16;-67;9;13;-65;7;14;-66;9;14;-65;7;14;-65;8;13;-64;9;13;-65;8;13;0
-61;-7;29;-69;-13;29;-54;0;33;-64;0;28;-47;0;41;-59;-3;42;-58;-3;41;-55;-5;42;-57;-5;42;-54;-1;39;0
-40;-14;52;-52;-13;42;-49;-6;0;-53;-10;-56;48;-6;44;38;-23;70;28;-23;53;-54;-3;-29;-46;-7;-59;-49;-9;-40;0
-27;-17;58;-28;-21;60;-21;-19;61;80;127;28;-75;-128;81;0;-60;16;21;-15;41;0;7;75;-12;-3;68;-18;-7;64;0
-17;-16;63;-14;-12;65;-18;-13;65;-6;38;42;-63;-128;48;-14;-74;21;-1;-5;51;-14;0;74;-19;0;67;-26;-8;68;0
-19;-10;61;-17;-13;63;-18;-11;64;0;43;77;-20;-128;102;-9;-56;38;0;-58;44;-8;17;67;-17;0;71;-20;-6;66;0
-22;-10;66;-23;-10;64;-14;15;71;0;55;43;31;-119;69;-11;-48;52;-13;-72;39;0;16;55;-18;21;80;-20;12;63;0
-18;0;67;-19;0;64;-16;0;69;26;37;-43;-4;15;-92;-12;-3;-88;0;-3;30;-18;-4;65;-43;-8;54;-41;-5;51;0
-39;-13;56;-43;-14;53;-46;-11;51;-45;-13;53;-6;-2;-23;0;0;-45;-22;0;-67;-48;-9;33;-52;-9;39;-60;-7;30;0
-56;-28;18;-42;-20;20;-106;-128;89;120;9;-120;-15;27;24;-61;-8;75;-66;-30;61;-48;-20;54;-43;-25;38;-45;-25;43;0
-41;-25;40;-47;-33;44;-21;-12;24;-84;-127;124;38;28;-93;0;29;8;-23;13;50;-43;-5;62;-39;-40;60;-33;-41;44;0
-31;-45;45;-26;-43;46;-88;-88;70;56;34;-63;18;43;-12;15;48;0;-5;30;31;-43;0;66;-35;-18;45;-44;-39;45;0
-37;-62;33;-41;0;22;-58;0;18;-70;0;11;-65;0;15;-66;0;15;-66;0;16;-67;0;17;-69;0;15;-63;0;15;0
-66;0;14;-74;-6;21;-63;8;23;-14;61;-52;-29;25;-71;-103;-41;63;-58;0;20;-63;0;0;-74;-1;0;-66;-4;0;0
-66;-1;7;-67;-2;0;-66;-3;0;-67;-2;0;-66;-1;7;-67;-3;7;-71;-5;8;-63;8;26;-20;12;47;-30;44;0;0
-46;48;0;-47;48;8;-46;46;0;-50;45;10;-47;46;0;-46;47;0;-49;46;0;-48;47;0;-49;46;7;-48;46;7;0
36;49;-13;-12;22;55;-60;14;80;-61;0;57;-48;-3;44;-58;-7;38;-59;-6;33;-61;-10;33;-56;-11;34;-58;-9;35;0
-55;-8;33;-45;-27;35;-39;-47;45;-78;-96;88;-30;-21;43;-34;22;35;28;39;0;31;39;-7;-37;-29;19;-29;-86;46;0
-5;-79;52;-6;-6;8;14;59;-15;20;55;-16;12;32;-8;-16;-12;40;-30;-36;71;-36;-79;62;-25;-99;52;-15;-76;60;0
-13;-83;63;-9;-17;67;10;46;-4;22;55;-10;26;52;-10;-10;33;19;-19;-15;64;-43;-45;73;-19;-44;80;-46;-80;77;0
0;30;40;-46;-41;64;-36;-96;100;-40;-101;92;-14;-62;48;-14;0;47;14;54;0;19;57;-2;19;50;0;11;36;26;0
-80;-31;32;-51;-15;15;-49;-9;0;13;21;-64;15;24;-57;0;14;-67;-49;8;15;-15;-12;67;0;-10;81;-55;13;-2;0
-35;29;-58;-67;21;-5;-30;26;39;-21;7;62;-22;0;64;-53;-13;57;-68;-6;37;-63;11;-9;-62;16;-32;-73;14;-28;0
-86;-48;42;-70;-15;22;-71;0;14;-60;15;7;-59;30;-3;-68;15;14;-51;-20;67;7;-8;91;-6;37;-3;0;45;-18;0
-85;-94;43;-26;-25;13;10;18;0;72;53;-15;-20;0;9;-50;-55;34;-76;-77;23;-68;-79;15;-24;-2;20;7;44;17;0
30;-25;78;-55;15;45;-65;17;23;-55;8;25;-69;11;21;-69;7;14;-67;7;13;-66;0;12;-68;0;14;-66;0;13;0
-65;0;15;-64;0;14;-65;0;14;-66;0;14;-65;0;15;-65;0;15;-65;0;15;-66;0;14;-66;0;14;-66;0;16;0
-66;0;14;-76;16;23;-24;43;22;-22;53;10;-27;60;12;-31;58;21;-30;56;19;-31;56;20;-31;57;18;-30;59;18;0
-30;57;18;-31;57;18;-30;58;19;-31;58;19;-31;57;18;-31;58;18;-31;57;18;-31;58;19;-28;58;20;-41;45;16;0
-64;13;16;-64;14;12;-67;0;-4;-64;-14;10;-63;-32;26;-25;-32;49;-28;-27;58;-48;-31;55;-43;-26;43;-43;-29;45;0
-42;-26;44;-43;-26;45;-44;-28;46;-43;-29;47;-40;-39;50;-28;-30;43;-55;-20;30;-42;-39;20;-40;-60;13;-22;-61;16;0
-4;26;62;-1;28;59;0;28;63;-4;29;61;9;20;74;-2;20;72;-32;31;40;-47;64;8;-29;64;-15;-22;61;-3;0
26;56;-13;34;60;-18;25;66;-21;22;51;0;17;42;25;27;37;56;24;45;48;16;47;40;15;49;45;10;46;41;0
12;42;51;0;13;47;24;19;58;12;24;62;-6;31;72;-1;40;67;-8;33;64;-4;-33;38;15;-17;53;0;-5;71;0
-41;16;60;-22;-1;74;-24;0;59;-5;115;114;34;-34;51;13;-39;48;24;7;73;-2;36;64;-26;0;67;-23;9;63;0
-33;0;64;-24;-15;60;-27;90;105;-33;-116;57;-40;-66;14;14;-31;43;-7;-16;57;-6;27;55;-45;21;63;-39;9;62;0
-17;0;69;-20;-44;80;-52;98;-81;-39;37;-63;-25;-1;46;-36;-6;64;-35;-8;62;-41;-10;57;-46;-5;50;-48;-8;49;0
-30;-17;89;-59;-128;42;-97;-4;-22;-78;12;7;-71;0;29;-46;-30;69;-31;-27;73;-20;-23;75;-28;-14;71;-44;-6;55;0
-62;17;34;-49;0;47;-6;-32;122;79;-102;127;-128;-92;9;-62;17;-2;-33;0;57;-36;0;50;-22;0;64;-32;-2;58;0
-42;0;60;-29;24;42;42;-128;100;17;-10;52;-28;0;65;-30;0;60;-37;0;53;-43;7;54;-53;12;53;-36;0;60;0
-51;0;48;-26;45;51;8;-83;-65;-102;-99;127;-3;-20;71;-22;-23;52;-18;0;58;-13;13;61;0;37;63;0;26;60;0
-62;-39;-100;0;-5;127;-17;-19;55;-7;-14;65;-6;-7;64;-7;-5;83;-25;8;76;-11;47;30;-14;53;21;-18;53;29;0
-28;46;34;-62;31;-22;-74;-13;-61;-86;-31;-17;-59;-33;47;-60;0;41;-44;-2;47;-43;0;48;-59;0;43;-64;13;35;0
-18;0;61;8;0;71;-27;25;-48;51;-6;-89;-20;14;-66;-35;0;46;-34;-5;58;-35;0;57;-40;-5;52;-44;-2;54;0
-22;9;-42;-15;-3;67;-61;12;-9;-27;0;-72;-13;0;-62;-31;-1;-53;-58;0;11;-22;-4;60;-10;-9;65;-36;-9;56;0
-5;-79;29;-8;15;36;-18;23;49;-12;28;67;-7;27;69;-20;40;37;0;40;23;-72;0;-44;-4;0;-73;-21;0;-69;0
-22;65;18;8;61;22;8;36;15;-26;0;-14;0;-18;-124;-17;10;-93;-22;22;-52;-16;34;-24;-26;49;0;-21;54;17;0
-46;-53;95;-49;-49;75;-37;-42;58;-38;-36;44;-73;-30;45;-83;-6;20;-43;18;13;-9;43;9;-28;51;27;-34;38;49;0
-11;47;-13;-51;-3;-57;-89;-30;-48;-102;-28;10;-64;0;24;-69;0;13;-71;17;-7;-63;26;0;-63;26;0;-59;29;7;0
-48;36;29;-54;34;32;-55;39;16;-44;40;16;-37;30;-11;-103;-45;-52;-117;-48;44;-96;-26;66;-45;14;18;-52;29;44;0
-43;43;26;-45;49;17;-39;48;17;-18;38;-14;-40;12;-41;-105;-52;-54;-102;-45;18;-54;-11;24;-45;19;28;-56;39;17;0
-73;12;-1;-75;18;0;-66;24;-1;-46;30;-39;-88;-52;-37;-105;-72;34;-49;-25;38;-67;0;13;-67;0;0;-62;11;0;0
-65;27;15;-61;25;23;-56;27;30;-38;36;19;-27;47;-2;-128;-94;98;-48;-30;95;-49;0;47;-70;9;20;-63;0;10;0
-71;7;8;-63;13;22;-51;-1;57;0;10;25;0;-70;54;17;-98;65;48;-57;30;27;-50;0;63;-43;16;81;-48;36;0
0;-11;59;-8;-44;25;-37;-93;58;-41;-107;77;-23;-70;66;18;-22;56;25;0;47;23;17;58;26;17;46;36;-11;41;0
-87;-14;19;-15;19;49;-13;-2;63;-47;-11;73;-75;-2;29;-61;22;-6;-55;23;-5;-50;13;-5;-82;-69;-19;-76;-44;30;0
-62;25;-3;-29;29;0;-113;-50;-49;-109;-44;58;-60;-9;30;-60;0;25;-68;16;16;-65;36;9;-58;35;20;-61;30;-2;0
-49;38;22;-40;47;21;-32;52;10;-47;48;44;-6;12;61;-48;-22;60;-57;-38;45;-62;-27;0;-47;-48;30;-23;-37;72;0
-13;-7;72;-11;19;62;-1;61;58;-14;29;70;-1;-61;60;11;-51;50;-3;41;57;-19;43;66;-20;0;64;-13;0;65;0
-22;0;62;-19;-17;118;0;20;-46;0;44;-56;0;42;-23;-2;22;0;-42;-23;85;-22;-58;100;-17;-43;51;-21;-43;48;0
-13;-128;56;-24;19;43;-30;26;36;10;16;24;29;25;26;12;35;21;-3;23;41;-11;-34;90;-5;-40;64;0;-57;54;0
-2;-49;51;-5;-46;50;-15;-88;105;-25;-60;66;-22;0;35;24;42;12;-9;16;38;-33;8;43;-7;-19;95;16;-16;70;0
-5;-28;70;-2;-61;43;10;-73;39;-18;-85;120;-41;-37;57;-17;-8;-1;9;0;-31;24;-14;-53;60;-23;-62;54;-31;-52;0
-66;-30;107;-43;-27;102;-27;-67;33;-9;-62;18;-15;-62;27;-28;-60;29;-59;-71;48;-66;-115;74;-39;-49;47;-30;-1;14;0
33;-28;-43;31;-30;-42;31;-29;-42;30;-29;-42;31;-28;-44;31;-28;-42;31;-28;-42;31;-29;-43;31;-30;-42;35;-28;-41;0
38;-20;-45;41;-35;-41;0;-19;-8;-5;-11;99;-40;-55;69;-32;-32;62;-28;-29;45;-25;-29;51;-23;-17;60;-25;-17;59;0
-29;-23;58;-53;-22;45;-70;-29;33;-64;-35;17;-80;-44;-7;9;-84;111;23;-51;63;29;-2;72;8;-1;67;15;0;65;0
15;0;65;45;-38;44;40;-45;55;40;-31;63;-16;-27;70;-62;-9;55;-39;-9;67;-31;-3;60;-39;-8;44;-35;-5;67;0
-61;14;-2;-15;-10;69;-53;7;-17;-3;-2;-66;-8;7;-67;-15;0;-60;-31;-1;-78;-43;-13;34;-26;24;-74;12;7;-80;0
-23;13;-56;-68;0;10;-68;0;7;-77;0;-13;-53;0;30;34;-2;58;-6;18;-53;-18;16;-56;-30;18;-56;-29;13;-54;0
-38;14;-47;-46;9;-44;-45;10;-45;-44;9;-45;-44;10;-46;-44;9;-46;-42;10;-45;-44;8;-47;-68;7;-53;-58;12;0;0
-68;0;11;-68;0;0;-67;0;0;-67;0;0;-67;0;0;-66;0;0;-67;0;0;-67;0;0;-67;0;0;-65;0;0;0
-55;-2;41;-53;-4;43;-90;11;15;10;-6;52;14;7;70;-7;0;67;-16;0;64;-59;0;34;-63;0;26;-62;0;27;0
-63;0;29;-61;0;28;-55;0;50;-40;11;38;-98;-25;95;81;-19;55;-42;0;31;-60;16;0;-66;12;-5;-67;10;14;0
-52;-68;117;24;14;-83;7;50;24;-3;54;52;-40;0;79;-23;18;68;-20;15;60;-17;-19;58;-22;-23;65;-23;-22;61;0
-25;-26;57;43;0;-40;-9;49;47;-5;46;48;-24;17;50;-30;0;51;-25;-25;63;-22;-32;58;-21;-39;62;-19;-39;58;0
-2;43;14;-15;38;43;-14;19;51;-22;7;62;-22;-36;75;-17;-45;65;-18;-45;54;-19;-43;50;-14;-39;50;-14;-39;50;0
-28;-13;60;-17;-36;84;-12;-6;34;-80;0;-23;-53;10;-6;-80;-2;-15;-62;0;-14;-62;0;-21;-58;0;-20;-64;0;-17;0
-64;0;24;-62;0;23;-60;0;31;-65;-31;-27;-15;-106;80;-98;-10;19;-55;0;26;-57;8;36;-63;0;35;-57;0;32;0
-60;-3;41;-128;-69;-88;-24;0;52;-70;0;60;-47;-2;48;-54;0;39;-58;0;30;-57;0;33;-61;0;32;-56;7;38;0
-50;7;26;-47;-8;40;-48;-17;41;-128;-63;127;33;-109;-79;60;7;-31;-53;16;73;-39;57;57;-31;26;39;-53;10;51;0
-50;-12;39;-80;-30;48;-48;-89;116;-59;-32;28;14;-9;-67;32;12;-7;31;33;-23;0;22;-17;-87;-44;55;-55;-26;39;0
-65;23;0;-60;25;0;-55;30;0;-64;33;0;-56;35;25;-40;35;15;-68;10;-56;-86;-19;-18;-95;-26;0;-54;0;24;0
-42;17;43;-56;18;37;-54;17;32;-13;25;-34;0;18;-42;0;22;-58;-30;0;57;-37;0;60;-39;-1;56;-39;0;59;0
-44;10;63;-128;-60;84;-48;15;45;-32;39;26;-39;36;36;-47;30;39;-53;24;45;-53;18;42;-54;19;45;-50;13;42;0
-56;31;-35;-68;20;-18;-57;9;42;-64;0;-25;-49;0;-47;-49;0;-53;-58;0;-34;-73;7;0;-23;10;68;-14;31;88;0
-44;0;45;9;-17;75;-65;-53;38;-128;-21;-28;-47;-36;60;14;-9;93;-33;-3;63;-36;8;46;-40;9;57;-35;0;61;0
-25;0;64;-29;0;60;-98;-41;46;-36;-25;30;63;-41;97;11;0;66;-36;0;55;-31;0;54;-9;-4;77;-19;-4;64;0
-13;14;80;-14;-60;36;-56;-128;60;16;39;18;-31;32;94;-18;37;76;-58;-48;127;0;-4;53;-23;8;68;-35;-3;62;0
-51;-5;36;-52;-16;51;-45;-7;54;-43;-7;63;-24;0;50;-52;22;19;46;25;-97;-39;0;-56;-53;-2;-26;-61;-4;-17;0
-67;22;0;-38;44;0;-35;21;20;-1;20;-64;38;-33;-102;-55;0;-45;-71;-5;0;-47;-3;50;-30;27;33;-43;50;0;0
-22;53;19;-16;36;26;-23;-17;-64;-35;-23;-125;-51;-4;-49;-47;-10;-33;-60;12;-14;-60;19;18;-45;41;0;-22;55;0;0
-46;-13;-45;-61;11;-20;-64;18;0;-35;27;37;-32;17;59;-61;28;-6;-18;-13;37;18;-18;104;-38;-6;58;-43;16;42;0
-59;14;22;-64;17;21;-59;13;17;-61;14;16;-65;12;17;-64;12;17;-65;13;18;-63;12;18;-65;11;18;-67;7;16;0
-71;-14;17;-64;-8;20;-63;-13;21;-63;-10;21;-65;-12;22;-64;-11;21;-62;-12;23;-62;-11;22;-62;-10;18;-65;-14;20;0
-64;-12;20;-62;-12;21;-62;-11;21;-64;-11;19;-63;-11;20;-63;-11;21;-62;-11;20;-63;-11;21;-63;-10;21;-64;-12;21;0
-63;-12;20;-63;-11;20;-64;-11;20;-65;-11;21;-64;-10;20;-63;-11;21;-63;-13;21;-63;-11;21;-64;-10;21;-63;-11;21;0
-63;-11;22;-64;-11;21;-64;-10;21;-63;-11;22;-64;-12;22;-64;-12;21;-64;-11;21;-63;-12;21;-63;-13;21;-64;-12;21;0
-63;-10;21;-63;-11;21;-63;-11;21;-63;-11;21;-63;-12;21;-63;-12;22;-63;-11;21;-63;-11;21;-63;-11;21;-63;-11;21;0
-84;-10;23;-36;25;17;0;54;8;-13;63;0;-18;61;23;-19;60;23;-18;61;23;-18;60;24;-20;60;25;-21;60;24;0
-19;60;23;-21;59;26;-18;61;23;-19;60;25;-20;59;26;-21;59;24;-20;59;26;-19;59;24;-20;59;24;-20;59;24;0
-20;59;25;-21;60;25;-11;54;23;-42;25;12;-75;0;-5;-59;-9;-33;-65;-11;-56;-56;-18;-41;-58;-14;-20;-57;-11;-27;0
-60;-9;-24;-59;-8;-22;-61;-8;-24;-59;-7;-24;-60;-8;-24;-60;-7;-24;-60;-6;-24;-60;-7;-22;-60;-8;-24;-61;-7;-23;0
-60;-7;-23;-58;-9;-28;-46;-17;-48;-58;-40;-47;-37;-38;-6;-78;-33;31;-90;0;0;-63;0;-9;-61;0;-3;-66;-3;-3;0
-65;-8;0;-65;-9;0;-66;-8;0;-66;-9;0;-67;-11;0;-65;-10;0;-67;-13;0;-66;-10;0;-66;-9;0;-66;-10;0;0
-66;-10;0;-67;-10;0;-76;-10;7;-22;-6;60;-34;-7;56;-41;-9;50;-62;-12;33;-66;-8;22;-61;-9;25;-62;-9;28;0
-60;-11;32;-60;-11;32;-60;-12;31;-59;-10;31;-59;-10;31;-59;-12;32;-59;-9;31;-59;-11;31;-59;-10;32;-59;-11;32;0
-59;-11;31;-59;-11;32;-60;-11;31;-59;-11;32;-59;-10;31;-59;-11;32;-60;-11;31;-58;-15;33;-60;-9;34;-59;-4;31;0
-54;-19;35;-48;-23;41;-49;-23;42;-49;-26;43;-54;-17;47;-47;-22;40;-42;-24;42;-44;-11;43;-46;-4;54;-51;-11;43;0
-66;13;0;-65;10;0;-66;12;0;-66;11;0;-66;11;0;-67;15;0;-64;20;-1;-70;13;8;-62;9;0;-70;14;0;0
-65;10;0;-66;12;0;-66;11;0;-66;11;0;-67;15;0;-64;20;-1;-70;13;8;-62;9;0;-70;14;0;-68;19;0;0
-66;12;0;-66;11;0;-66;11;0;-67;15;0;-64;20;-1;-70;13;8;-62;9;0;-70;14;0;-68;19;0;-41;35;-27;0
-66;11;0;-66;11;0;-67;15;0;-64;20;-1;-70;13;8;-62;9;0;-70;14;0;-68;19;0;-41;35;-27;-81;10;0;0
-66;11;0;-67;15;0;-64;20;-1;-70;13;8;-62;9;0;-70;14;0;-68;19;0;-41;35;-27;-81;10;0;-61;21;-5;0
-67;15;0;-64;20;-1;-70;13;8;-62;9;0;-70;14;0;-68;19;0;-41;35;-27;-81;10;0;-61;21;-5;-57;27;-9;0
-64;20;-1;-70;13;8;-62;9;0;-70;14;0;-68;19;0;-41;35;-27;-81;10;0;-61;21;-5;-57;27;-9;-63;24;-3;0
-70;13;8;-62;9;0;-70;14;0;-68;19;0;-41;35;-27;-81;10;0;-61;21;-5;-57;27;-9;-63;24;-3;-60;26;-6;0
-62;9;0;-70;14;0;-68;19;0;-41;35;-27;-81;10;0;-61;21;-5;-57;27;-9;-63;24;-3;-60;26;-6;-63;25;-4;0
-70;14;0;-68;19;0;-41;35;-27;-81;10;0;-61;21;-5;-57;27;-9;-63;24;-3;-60;26;-6;-63;25;-4;-63;20;-2;0
-68;19;0;-41;35;-27;-81;10;0;-61;21;-5;-57;27;-9;-63;24;-3;-60;26;-6;-63;25;-4;-63;20;-2;-65;24;-6;0
-41;35;-27;-81;10;0;-61;21;-5;-57;27;-9;-63;24;-3;-60;26;-6;-63;25;-4;-63;20;-2;-65;24;-6;-60;25;-5;0
-81;10;0;-61;21;-5;-57;27;-9;-63;24;-3;-60;26;-6;-63;25;-4;-63;20;-2;-65;24;-6;-60;25;-5;-63;27;0;0
-61;21;-5;-57;27;-9;-63;24;-3;-60;26;-6;-63;25;-4;-63;20;-2;-65;24;-6;-60;25;-5;-63;27;0;-57;29;8;0
-57;36;-1;-57;35;-1;-58;36;-1;-56;35;0;-58;35;-1;-57;35;-1;-57;35;0;-57;36;0;-58;35;0;-57;35;-1;0
-57;36;0;-58;35;0;-57;35;-1;-57;35;0;-58;35;-1;-57;35;-1;-57;34;0;-57;35;0;-57;34;-1;-58;35;0;0
-57;35;0;-57;34;-1;-58;35;0;-58;36;-1;-57;34;0;-57;35;-1;-57;35;-1;-57;35;0;-57;34;-1;-58;34;-1;0
-60;30;-2;-54;37;0;-29;33;-90;-55;22;-5;-63;30;0;-53;34;-6;-58;35;0;-58;32;0;-60;32;-2;-59;33;-1;0
-55;37;-7;-55;36;-7;-56;36;-7;-57;37;-8;-56;35;-7;-56;36;-6;-57;35;-7;-56;37;-7;-55;35;-7;-56;35;-7;0
13;-51;85;-5;48;-18;-63;90;-29;0;26;-31;14;-14;-32;50;-8;-41;21;-1;-30;-54;0;26;-99;37;29;-83;50;28;0
-61;28;8;-63;31;0;-60;30;-1;-59;30;-1;-60;35;0;-99;36;29;-58;11;-15;14;45;-38;-2;52;-18;-30;56;0;0
-60;30;13;-58;29;11;-60;29;10;-59;28;9;-58;34;0;-76;0;77;-19;11;-7;-8;38;-20;-64;44;-5;-67;35;18;0
-56;33;13;-56;35;13;-57;36;16;-55;36;15;-53;36;0;-65;17;64;-88;15;81;-54;-4;-6;-10;33;-41;-84;36;-22;0
-48;30;7;-40;50;-1;-53;44;14;-54;44;13;-45;43;11;-50;46;13;-47;45;8;-71;23;-23;-101;43;77;-22;26;-3;0
-54;39;0;-56;39;0;-55;37;0;-54;39;0;-55;38;-1;-53;38;-1;-55;13;-17;-113;0;79;-14;25;11;-15;47;-2;0
-55;25;48;-29;42;25;-9;56;0;-34;39;0;-75;-2;0;-108;12;21;-3;16;63;23;17;59;-48;45;14;-8;70;-40;0
0;54;-24;0;55;-9;-25;65;75;-27;41;67;-26;31;0;-10;34;-33;31;42;-68;21;43;-44;-55;27;0;-106;7;62;0
0;25;12;-7;10;-4;77;55;-81;0;21;-28;-126;0;37;-79;63;112;-18;-1;22;58;17;-46;-128;-20;97;-7;0;-18;0
-69;25;-38;-33;-9;73;-25;-8;110;-41;13;77;-63;-8;50;52;11;-77;21;-17;-54;-65;70;76;-36;30;-5;-29;51;13;0
-54;37;16;-56;37;15;-55;36;15;-53;34;13;-61;29;10;-67;26;15;-62;23;16;-57;33;21;-43;40;24;-45;42;26;0
-54;36;13;-54;38;14;-55;38;13;-55;37;15;-55;37;16;-56;38;14;-55;36;16;-55;36;15;-54;36;16;-55;36;14;0
